<?xml version="1.0"?>
<Interface Version="1" Minor="1">
	<Ifc Id="ROOT" Top="1">
		<Bus Id="led">
			<Port Id="0" Dir="OUT"/>
			<Port Id="1" Dir="OUT"/>
			<Port Id="2" Dir="OUT"/>
		</Bus>
		<Bus Id="AN_out">
			<Port Id="0" Dir="OUT"/>
			<Port Id="1" Dir="OUT"/>
			<Port Id="2" Dir="OUT"/>
			<Port Id="3" Dir="OUT"/>
		</Bus>
		<Bus Id="CN_out">
			<Port Id="0" Dir="OUT"/>
			<Port Id="1" Dir="OUT"/>
			<Port Id="2" Dir="OUT"/>
			<Port Id="3" Dir="OUT"/>
			<Port Id="4" Dir="OUT"/>
			<Port Id="5" Dir="OUT"/>
			<Port Id="6" Dir="OUT"/>
		</Bus>
		<Bus Id="switch">
			<Port Id="0" Dir="IN"/>
			<Port Id="1" Dir="IN"/>
			<Port Id="2" Dir="IN"/>
			<Port Id="3" Dir="IN"/>
		</Bus>
		<Port Id="clk" Dir="IN"/>
		<Port Id="rst" Dir="IN"/>
		<Port Id="clear" Dir="IN"/>
		<Port Id="enter" Dir="IN"/>
		<Port Id="change" Dir="IN"/>
	</Ifc>
</Interface>

